date,headlines,sentiment
2025-07-01,IWF ETF: The Smart Way to Access US Growth Stocks,0.6486
2025-07-01,Kirkland's Inc. Accelerates New Era with Strategic Leadership Appointments to Advance Transformation as The Brand House Collective,0.0
2025-07-01,Premier Protein® Launches New Line of Almondmilk Protein Shakes,0.0
2025-07-01,Autodesk’s EMEA regional offerings give construction professionals more choice and control,0.0
2025-07-01,Multi-Cloud Strategies: How Federal Government Can Master Them,0.0
2025-07-01,"Large-Caps, Including Tech, Remain Alluring",0.0
2025-07-01,"Walmart Is Focused on Faster Delivery, and It’s Opening Special New Stores to Prove It",0.6486
2025-07-02,Kroger is striving for e-commerce profitability. What will it take to get there?,0.2732
2025-07-02,Cyngn’s Astonishing Surge: Breaking Down the Partnership,0.0
2025-07-02,Analyst revises Carvana stock price target ahead of earnings,0.0
2025-07-02,"Amazon Signs Agreements To Support Nuclear Energy Development: OKLO, LTBR, SMR, NNE Stocks Surge",0.765
2025-07-02,"I built a brand new gaming PC from the ground up with Corsair's iCUE Link: a simplified, smart and just a little frustrating all-in-one system",0.024
2025-07-02,Microsoft (MSFT) Recovered all of its Losses After the Q1 Earnings Report,-0.4019
2025-07-03,Ideas to Enhance Your Fourth of July Marketing Campaigns,0.0
2025-07-03,Priceline Just Announced HUGE Disney World Hotel Discounts,0.4648
2025-07-03,SKT Seeking to Enter Overseas and Manufacturing AI Markets Based on Ulsan Data Center,0.0
2025-07-03,IWB ETF: Understanding the Russell 1000 ETF,0.0
2025-07-03,Jim Cramer Contradicts AI-Led Job Cuts At White Collar Firms As Cathie Wood Says It's 'Hurting Entry-Level Jobs:' Here's How Experts Debunk AI's Impact On Employment,-0.743
2025-07-04,SK-AWS Ulsan AI Data Center to be Key Hub of AI Superhighway – SK telecom newsroom,0.0
2025-07-05,"Best PC Case Deals 2026 — deals on Fractal, Lian Li, Corsair, and other cases",0.6369
2025-07-06,"MAGS: Still Magnificent, Despite Maturing Growth & Premium Valuations (BATS:MAGS)",0.4051
2025-07-06,"The 15 Best Early Prime Day Grill Tool Deals for Home Pitmasters, From $5",0.6369
2025-07-07,"Ulta Beauty is starting to separate itself from the competition, analyst says",0.5859
2025-07-07,IBM’s stock is beating Big Tech this year. Why this analyst sees more gains ahead.,-0.079
2025-07-07,Sinclair Names Narinder Sahai EVP and CFO,0.0
2025-07-07,"The intelligent data blueprint at NetApp, in detail",0.4588
2025-07-07,News | BlackRock to buy industrial real estate firm ElmTree,0.0
2025-07-07,2025 U.S. Online Retail Report,0.0
2025-07-07,Vera Bradley’s Iconic Bags Are Up to 71% Off During Amazon Prime Day—Grab Styles for as Low as $13,-0.1027
2025-07-08,"Giant Eagle continues push to optimize, integrate warehouse workflows",0.4939
2025-07-08,Why You Need This $3 Summer Party Gem from Five Below for All Your Outdoor Hangs,0.4019
2025-07-08,"43 Amazon Prime Day Deals Under $25 — Apple, Laneige, Lego, and Vera Bradley Are Up to 75% Off",0.1779
2025-07-08,"Africa Data Center Market Size, Share & Growth, 2034",0.5859
2025-07-08,Pardon the Disruption: Kroger and Albertsons are tightening their belts,-0.0516
2025-07-08,"Bezos Sells Millions in Amazon.com, Inc. (AMZN) Under Trading Plan",0.0
2025-07-08,Amazon Prime Day Spending Down 14% in Early Hours From 2024,0.1779
2025-07-08,Oracle Database@AWS Now Generally Available,0.0
2025-07-08,"Traeger, Weber, Blackstone, and More Grills Are on Massive Sale for Prime Day, Up to $300 Off",0.0
2025-07-09,Best Buy: An Attractive 5% Dividend Yield That Could Increase If Catalyst Plays Out (NYSE:BBY),0.886
2025-07-09,Nvidia becomes first company to hit $4 trillion valuation,0.0
2025-07-09,American Eagle features stores on Snapchat for back-to-school promo,0.0
2025-07-09,What’s Happening With AES Stock?,0.0
2025-07-09,"SharkNinja taps Amazon exec as new CTO, chief of innovation",0.5106
2025-07-09,"Insurtech Inshur Raises $35 Million From Trinity Capital for US Expansion, AI Tech",0.0
2025-07-09,UPS vs. FDX: Which Parcel Delivery Company Has an Edge Now?,0.0
2025-07-10,This Prime Day Lands’ End Tote Sale Brought the Internet’s Favorite Bag Back Under $30,0.4588
2025-07-10,Why Did AES Stock Jump 20%?,0.0
2025-07-10,Ohio utility regulators approve AEP’s contested data center tariff proposal,0.0
2025-07-10,Breaking: Teradyne Tapped For Amazon’s Breakthrough Robot,0.0
2025-07-10,Air Industries Group Stock Flying High: Too Late to Buy?,0.0
2025-07-10,Extreme Heat & AI Demand Drive ELFY Surge,-0.128
2025-07-10,Teradyne’s Stock Jumps After Report Links Its Tech To Amazon’s Vulcan Robot – Retail Turns Bullish,0.0
2025-07-11,Thinking of Buying C3.ai Stock? Here Are 2 Red Flags to Consider.,0.0
2025-07-11,Cybersecurity Stock Could be a Sleeping Giant,0.0
2025-07-11,Legendary Kicking Lionsgate’s Tires,0.0
2025-07-13,Should You Be Impressed By 3 E Network Technology Group Limited's (NASDAQ:MASK) ROE?,0.4767
2025-07-13,Amazon Prime Day fuels 30.3% rise in US online spending,0.1779
2025-07-14,AES Gains 20% as Private Equity Eyes AI Hyperscale Energy Player,0.5423
2025-07-14,10 Stocks Jim Cramer Discussed As He Commented On Latest Tariffs,0.0
2025-07-14,News | Brookfield buys more smaller-format industrial buildings in US,0.0
2025-07-14,News | US tech companies renew push to own their office real estate,0.0
2025-07-15,Top Reasons to Invest in VUG ETF for Long-Term Growth,0.5267
2025-07-15,Rivian CEO Joins Bezos & Gates Divorce Club—Voting Power Slashed Before R2 Debut,-0.2263
2025-07-15,"Amid money troubles, Scholastic is seeking its next chapter on YouTube",-0.4588
2025-07-16,Whatever Happened to the Broadening Stock Market Rally?,0.0
2025-07-16,Macy’s Prices US$500 Million in Senior Notes Ahead of Planned Debt Redemption,-0.3612
2025-07-16,EXL launches AI agent solutions on AWS Marketplace By Investing.com,0.1779
2025-07-16,Estée Lauder Appoints Aude Gandon Chief Digital & Marketing Officer,0.0
2025-07-16,Meet the ex-Amazon retail visionary opening automated convenience stores in LA,0.5267
2025-07-16,"The Zacks Analyst Blog Highlights Amazon.com, Meta Platforms, Shopify, IDT and Nathan's Famous",0.0
2025-07-16,BofA Securities remove Amazon e Fair Isaac da lista US 1,0.6369
2025-07-16,5 Reasons to Add Regency Centers Stock to Your Portfolio Now,0.0
2025-07-16,"Starbucks requiring some remote workers to relocate to Seattle, Toronto",0.0
2025-07-16,AI Learning Accelerates in MENA: Coursera Adds Over 900 GenAI Courses and Tools,0.0
2025-07-17,United Natural Foods Expects $400M revenue impact from June cyber attack,0.296
2025-07-17,Amplitude director Schultz sells $94k in shares,0.296
2025-07-17,"Adams Diversified Equity Fund, Inc. Reports 7.8% Net Asset Value Return for H1 2025",0.5994
2025-07-17,FDIS: Consumer Discretionary Dashboard For July 2025,0.0
2025-07-17,"TikTok integrates another streaming service into Add to Music App feature, with Anghami partnership",0.0
2025-07-17,"PPL, Blackstone Launch Major Gas-Fired Generation Venture Targeting Data Center Surge in Pennsylvania",0.0
2025-07-17,"Final Trades: Kinross Gold Corp, Cintas and Amazon",0.1779
2025-07-18,"Walmart, Target go head-on with Amazon Prime Day, and win",0.6705
2025-07-18,"Kimberly-Clark Corporation (KMB) Has “An Amazon Problem,” Says Jim Cramer",0.1779
2025-07-18,QQQ Is Ready for Modern Makeover,0.3612
2025-07-18,I Tried 12 Coconut Waters and Went Coconuts for the Winner,0.5859
2025-07-18,Cboe Data Vantage Benefits from Overseas Growth,0.6369
2025-07-18,Amazon Ring Is Making AI A Job Requirement—Starting With Promotions,0.1779
2025-07-18,VOO ETF Holds Above $510 as Tariff Risks Rise and Liquidity Surges,-0.2732
2025-07-19,"Jefferies Lifts Amazon (AMZN) Price Target to $265, Sees Revenue and Margin Upside",0.1779
2025-07-20,Analyst Says Amazon.com (AMZN) Cloud Business Needs to Show ‘Acceleration’ for Stock Outperformance,0.0
2025-07-20,"GlucoTrack, Sarepta, TNF Pharma Dominate Weekly Retail Health Care Buzz — Here’s Why",0.4019
2025-07-21,Walmart to Sell Vizio TVs as a Private Label,0.0
2025-07-21,Alphabet's AI Moment: Trading Q2 Results With 2X Bull and 1X Bear ETFs,0.0
2025-07-21,"With 59% ownership of the shares, Sony Group Corporation (TSE:6758) is heavily dominated by institutional owners",0.296
2025-07-21,Whole Foods Wins Steritech’s Excellence in Food Safety Award,0.9337
2025-07-21,AI data centers are using more power. Regular customers are footing the bill,0.0
2025-07-21,[Executive Column] The First Step Toward “Monetizable AI” – SK’s AI Data Center Business Initiative,0.0
2025-07-21,Reinventing Convenience,0.0
2025-07-22,Target Updates Price-Matching Policy,0.0
2025-07-22,"Richard Orrell’ Top Picks for July 22, 2025",0.2023
2025-07-22,三年年化超14%，SPYV ETF表現有何秘密?,0.0
2025-07-22,IQVIA Stock Soars: What’s Driving the Surge?,0.0
2025-07-22,PulteGroup’s Surprising Surge: What Lies Ahead?,-0.1779
2025-07-22,Sun Country Airlines Schedules Q2 2025 Earnings Call for August 1,0.0
2025-07-23,4 Technology Stocks Poised to Beat Earnings Estimates in Q2,0.25
2025-07-23,Patented: NTT DATA Services' Dynamic Optimization of Bot Schedules and More North Texas Inventive Activity,0.6369
2025-07-23,"Target to end price-matching of Amazon, Walmart. What to know.",0.1779
2025-07-23,"Effectual Appoints Ashish Dhawan, SVP and CRO of NetApp's Cloud Business Unit, to Board of Directors",0.0
2025-07-23,"The Zacks Analyst Blog Highlights NVIDIA, Amazon.com, Meta Platforms, Air T and Crown Crafts",0.0
2025-07-23,"Byrna Technologies Reports Strong Direct-to-Consumer Prime Day and July 4th Sales, Growth in Brick & Mortar Presence Underscores Omnichannel Growth Momentum",0.8176
2025-07-24,"Zacks Investment Ideas feature highlights: Range Nuclear Renaissance Index ETF, GE Vernova, Talen, Amazon and Rolls-Royce",0.1779
2025-07-24,Temu Hit With Lawsuit Over Alleged Brandy Melville Counterfeits,-0.2263
2025-07-25,Nestlé considers selling supplement assets,0.1779
2025-07-27,Duke Energy’s AI Strategy: Analysis of Dominance in Utilities AI,0.2023
2025-07-28,"Bell and Cohere partner to sell AI tools to governments, businesses",0.0
2025-07-28,STMicroelectronics to acquire NXP Semiconductors’ MEMS sensor business,0.0
2025-07-28,The 5 Best EDI Software I’d Recommend to Any Team,0.7717
2025-07-28,Message from Arm CEO(Rene Haas)—SoftBank Group Report 2025 | SoftBank Group Corp.,0.0
2025-07-28,Momentum ETFs Climb Higher in 2025,0.0
2025-07-28,"Earnings Calendar (28.07.2025): Apple, Amazon, Meta Platforms, Microsoft",0.1779
2025-07-28,CVS Health’s AI Strategy: Analysis of Dominance in Healthcare AI,0.2023
2025-07-28,Defense-tech maker Leonardo DRS moving offices to Eagan,0.0
2025-07-29,The Victoria’s Secret Fashion Show Will Return in 2025,0.0
2025-07-29,The Marzetti Company Launches Buffalo Wild Wings Hot Sauces; Tanya Berman Comments,0.0
2025-07-29,Procter & Gamble beats estimates but warns tariffs will start to weigh on earnings,-0.1531
2025-07-29,"Union Pacific, Norfolk Southern seek 1st transcontinental railroad through a massive merger",0.0
2025-07-29,QQQI ETF Delivers 14% Yield and NAV Growth on Nasdaq-100 Covered Calls,0.3818
2025-07-29,United Parcel Service Q2 2025 Earnings Call Transcript,0.4215
2025-07-30,Shares of chipmakers Arm and Qualcomm slide as smartphone sales skid,0.296
2025-07-30,Northern Trust Universe Data: Equity Markets Drive Strong Second Quarter Results for Institutional Investors,0.765
2025-07-30,Celestial Seasonings expands functional teas,0.1779
2025-07-30,DTE Energy to supply 3GW electricity to Big Tech data centres,0.2732
2025-07-30,"CBRE Arranges Two Major Leases for iDC Logistics in Southern California, Totaling Over 1.1 Million Square Feet",0.0
2025-07-30,Hyperscale Data clarifies $XRP acquisitions will remain on company books,0.2263
2025-07-30,Teradyne Surges Amid Strong Q2 Results and Amazon Robotics Deal,0.6124
2025-07-30,Teradyne Stock Soars: Time to Buy?,0.0
2025-07-30,First Lowe’s store in boomtown secures incentives deal,0.5574
2025-07-30,"Labcorp Introduces Test Finder, a First-of-Its-Kind Generative AI Tool to Simplify Lab Test Search",0.0
2025-07-31,Teradyne (TER) Soars 18.8% on Bullish Outlook,0.0
2025-07-31,"Meta, Microsoft Spark $500B Rally in AI Leaders and ETFs",0.2263
2025-07-31,Etsy bets on its app as declines persist,0.0
2025-07-31,Best American Express Cards in Canada,0.6369
2025-08-01,"Five9 CEO to Retire, Seeks an AI Innovator as His Replacement",0.0
2025-08-01,Christopher Brian Toma Celebrated for Continued Excellence in the Field of Distribution Supply Chains,0.8316
2025-08-01,2 Utilities That Stand to Gain From Big Tech’s Power Play,0.7003
2025-08-01,"How Carter’s, H&M and Gap are making kidswear more sustainable",0.0
2025-08-01,nVent Electric Gains Attention Amid New Board Appointment and Strong Price Targets,0.6908
2025-08-01,Teradyne Stock Soars: Time to Buy?,0.0
2025-08-01,CMRC - Commerce.com Inc Stock Price and Quote,0.0
2025-08-01,"Amazon Q2 Earnings Beat Estimates, Shares Dip: ETFs in Focus",0.4404
2025-08-01,"The Procter & Gamble Company (PG): “It’s Just Not Great,” Says Jim Cramer",0.0
2025-08-02,Analysts Offer Insights on Consumer Cyclical Companies: Rollins (ROL) and Amazon (AMZN),0.1779
2025-08-02,Hasbro is entering the romantasy universe with a ‘Fourth Wing’ board game,0.0
2025-08-02,8 Quantum Computing Stocks Artificial Intelligence (AI) Investors Should Have on Their Radars. Here's the Best of the Bunch.,0.8074
2025-08-03,Steve Mandel’s Top 10 Positions Make Up 60.18% His Portfolio,0.2023
2025-08-03,"JD.com, Inc.'s (NASDAQ:JD) institutional investors lost 6.8% over the past week but have profited from longer-term gains",0.6597
2025-08-03,SAP buys AI-enabled hiring platform SmartRecruiters,0.0
2025-08-04,Ralph Lauren's Oak Bluffs Campaign: A celebration of black history and culture,0.0
2025-08-04,至少3500亿美元！美股科技四巨头新财年继续砸钱AI竞赛，实际收益有多大？,0.0
2025-08-04,AutoZone’s AI Strategy: Analysis of Dominance in Automotive Parts AI,0.2023
2025-08-04,"Hilton’s AI Strategy: Analysis of Dominance in Hospitality, Hotel AI",0.2023
2025-08-04,News | U.S. Bank prepares to dump more than half its office space in namesake Seattle tower,-0.3818
2025-08-05,"15 TikTok Videos About ‘Clankers’, a New Slur for Robots",0.0
2025-08-05,Lattice Semiconductor: Analyzing the Stock Transformation,0.0
2025-08-05,EXEC: Amazfit Parent Zepp Health Corp. Posts First Year-Over-Year Growth Since 2021,0.3818
2025-08-05,‘Unfair burden’: Residents complain about high tax bills as Delaware lawmakers float ideas to provide relief,0.1531
2025-08-05,X-energy Selects Clark Construction Group for $48.2 Million Building Construction Phase of TRISO-X Fuel Fabrication Facility,0.0
2025-08-05,AWS launches amazon elastic VMware service for cloud migration By Investing.com,0.1779
2025-08-06,How DigitalOcean's Focus Is Fueling Explosive Growth,0.3818
2025-08-06,How a Cedar Rapids company's expansion is helping Amazon improve packaging and boost sustainability,0.8176
2025-08-06,3 Stocks Riding the AI Data Center Buildout Wave,0.0
2025-08-06,Shopify Forecasts Quarterly Revenue Above Estimates on Resilient Demand,-0.128
2025-08-06,(3⁺) FRESENIUS – Führen die Zahlen zum großen Kaufsignal?,-0.5994
2025-08-06,Curiosity Stream Goes Global: Major Prime Video Partnership Brings Factual Content to 8 Countries,0.0
2025-08-06,IonQ leaps after Amazon reveals $37 million stake in the quantum computing company,0.1779
2025-08-07,Vice Media raises $75M to help support studio growth,0.7906
2025-08-07,US news giants grow revenue despite AI-driven turmoil,0.2755
2025-08-07,"The Bottom Line: NBT, Itaconix and Amazon",0.1779
2025-08-07,Peloton Archives,0.0
2025-08-07,Spotlight on Citigroup: A Look at Wednesday’s Four Most Unusually Active Put Options,0.5059
2025-08-07,LiveRamp reports Q2 revenue growth of 10.7% amid data collaboration expansion,0.3818
2025-08-07,"Leidos supplier awards recognize AWS, Ask Sage, Carahsoft, Moveworks, Sterling",0.4588
2025-08-07,"As Vice Media Lands $75M Credit Facility, Studio Chief Amy Powell Sheds Light On Her Strategy",0.3818
2025-08-07,Is Palisade Bio Poised to Rise?,0.25
2025-08-07,Bed Bath & Beyond returns with new name and first store in Tennessee. Reno next?,0.0
2025-08-07,Can iRobot bounce back? Deep concerns overshadow $127M Q2,0.0
2025-08-07,Installed Building Products Stock: What’s Next?,0.0
2025-08-08,Harvard discloses $116.7M exposure to Bitcoin via BlackRock’s IBIT ETF,0.0
2025-08-08,What Is NVIDIA’s Three-Computer Solution for Robotics?,0.3182
2025-08-08,NatWest's chief data and analytics officer Zachery Anderson set to depart,0.0
2025-08-08,KWEB Gathered $1 Billion in AUM in July,0.0
2025-08-08,Oracle Recognized as a Leader in the 2025 Gartner® Magic Quadrant™ for Strategic Cloud Platform Services,0.0
2025-08-08,Market Minute: Earnings season expectations vs. reality,0.0
2025-08-08,Sterling Infrastructure: FOMO Drives New Heights - Still Not A Buy (NASDAQ:STRL),0.0
2025-08-10,"Analysts Are Updating Their The RealReal, Inc. (NASDAQ:REAL) Estimates After Its Second-Quarter Results",0.0
2025-08-10,Ziff Davis reports strong Q2 advertising growth amid AI integration,0.7096
2025-08-11,На Дмитровке появится «Ашан»,0.0
2025-08-11,"NVIDIA Opens Portals to World of Robotics With New Omniverse Libraries, Cosmos Physical AI Models and AI Computing Infrastructure",0.0
2025-08-11,"Amazon.com, Inc. (NASDAQ:AMZN): GitLab Announces That It Signed a 3-year SCA with AWS",0.0
2025-08-11,"Dow, Amazon take chance on nuclear company X-energy",0.4019
2025-08-11,Fed Rate-Cut Chorus Grows Louder: Could This Be A Breakout Moment For Growth ETFs?,0.3818
2025-08-11,Bed Bath & Beyond Returns To Brick-And-Mortar,0.0
2025-08-11,"Here’s how AI and tariffs can impact the U.S. economy, according to Morgan Stanley",0.0
2025-08-11,"Earnings call transcript: GrowGeneration Q2 2025 beats EPS forecast, stock surges",0.0
2025-08-12,4 Stocks to Buy From a Top-Performing Fund Manager,0.0
2025-08-12,Sea Stock Surges As E-Commerce Player Posts Best Sales Growth In Years,0.7783
2025-08-12,AIG CEO Zaffino Highlights Integration of GenAI to Create Digital Twin of Business,0.2732
2025-08-12,Millennium Management’s Portfolio: 5 Top Stocks Held By Izzy Englander’s Legendary Firm,0.2023
2025-08-12,We're Interested To See How CarParts.com (NASDAQ:PRTS) Uses Its Cash Hoard To Grow,0.4019
2025-08-13,"Alphabet Google (NASDAQ:GOOG) Stock at $203.03 – Q2 2025 Earnings, AI Growth, and Price Outlook",0.3818
2025-08-13,"JD.com flees China’s brutal retail wars for Europe, as Beijing fails to tame price-cutting at home",-0.9042
2025-08-13,"Stocks making the biggest moves midday: Paramount Skydance, Cava, Capri, SailPoint and more",0.0
2025-08-13,Solana Treasury Holder Upexi Names BitMEX Founder Arthur Hayes as Adviser,0.2023
2025-08-13,"LiveOne (LVO) Reports Q1 Fiscal 2026 Revenue of $19.2 Million, Eliminating $14.1 Million in Short-term Liabilities Year Over Year",-0.2023
2025-08-13,Sonoma Pharmaceuticals Announces Launch of Diaper Rash Product in Walmart and other U.S. Chains,-0.4019
2025-08-13,Amrize’s Bold Step: Partnership with Meta,0.3818
2025-08-14,"EA SPORTS™ Madden NFL 26 Launches Worldwide Today—Powered by Real NFL Data, and Unleashing the Most Explosive and Immersive NFL Experience Yet",0.0
2025-08-14,News | Burlington rolls out this new look in more than 500 stores,0.0
2025-08-14,Three new tenants headed to former Sun Vet Mall site,0.0
2025-08-14,"Toast, Amazon, Thermo Fisher Scientific And An Industrial Stock On CNBC's 'Final Trades'",0.1779
2025-08-14,Ulta Beauty and Target to end their shop-in-shop partnership in 2026,0.5859
2025-08-14,Veteran analyst sounds alarm on Rocket Lab stock after earnings,-0.34
2025-08-15,Applied Materials sinks 14% on weak guidance due to China demand,-0.5267
2025-08-15,Atlassian Corp SEC 10-K Report,0.0
2025-08-15,Chase Coleman's Strategic Moves: Amazon.com Inc. Leads with a 2.64% Portfolio Impact,0.0
2025-08-15,Timur Turlov: How Freedom Holding Is Building a Digital Future from Kazakhstan to the U.S.,0.6369
2025-08-17,AQR Capital Management LLC Acquires New Holdings in EGH Acquisition Corp,0.0
2025-08-17,"ADX: Discount Narrows Further, Likely Limiting Outsized Gains Moving Forward",0.34
2025-08-17,"Amazon.com, Inc. (AMZN) Is The Largest Position In My Trust, Says Jim Cramer",0.5106
2025-08-18,Modine Manufacturing stock price target raised to $160 by KeyBanc,0.0
2025-08-18,"Earnings Beat: JD.com, Inc. Just Beat Analyst Forecasts, And Analysts Have Been Updating Their Models",0.0
2025-08-18,"Warren Buffett, Cathie Wood Share 2 Stock Investments In Common: Can You Guess What They Are?",0.296
2025-08-18,Earnings call transcript: Bitdeer Technologies Q2 2025 shows strong revenue growth,0.7096
2025-08-18,"AI, Quantum, and the Future of Tech Investing",0.0
2025-08-19,Reddit Inc Class A (RDDT) Has a New Rating from Argus Research,0.0
2025-08-19,Prepare for Back-to-School Shopping Disappointment With This ETF,-0.5106
2025-08-19,Fabrinet tanks after warning of supply chain issues in its Nvidia-linked business,-0.34
2025-08-19,Asana director Moskovitz buys $6.3m in company stock,0.0
2025-08-19,Realty Income: A REIT Gem Par Excellence (NYSE:O),0.6249
2025-08-19,$6.2B Nexstar-Tegna Deal Could Create Local Sports Juggernaut,0.2732
2025-08-19,Chamath’s Social Capital gets back into SPAC game with “American Exceptionalism Acquisition Corp.”,0.0
2025-08-19,LM Funding America Inc.: Stock Surge Opportunity?,0.4215
2025-08-19,Sales and profits up again at Fabrinet,0.4404
2025-08-19,Avoid Dividend Growth Disappointment,-0.4404
2025-08-19,Prologis Stocks: Behind the Recent Dynamics,0.2732
2025-08-20,JEPQ ETF Analysis: NYSEARCA:JEPQ Near $55 With 11% Yield,0.0
2025-08-20,Target announces change at the top as stock slides on declining sales,0.2023
2025-08-20,SAIC-Google alliance targets AI at the tactical edge,0.0
2025-08-20,Gilat wins $60 million order for ESAs as Boeing linefit installs near,0.5719
2025-08-20,Target picks insider as CEO to lead turnaround; shares drop,0.0258
2025-08-20,Target CEO steps down as company faces weak sales and customer boycott,-0.6369
2025-08-20,Aterian Launches Multiple Products on BestBuy.com,0.0
2025-08-20,Why Hertz Stock Was a Massive Winner on Wednesday,0.5859
2025-08-21,Sephora’s Former CEO Is Joining Ulta Beauty’s Board,0.0
2025-08-21,"Innovative Eyewear Increases Sales, Brand Cachet With Reebok Licensing Deal",0.4404
2025-08-21,Shareholders Can Be Confident That Maplebear's (NASDAQ:CART) Earnings Are High Quality,0.4939
2025-08-21,‘We’re Going All In On Services:’ Climb CEO Outlines Next Stage Of Growth,0.3818
2025-08-22,Warren Buffett And Dow Jones Industrial Average Have 7 Stocks In Common: Do You Own Any Of The Top Picks?,0.2023
2025-08-22,Data I/O ransomware attack ‘temporarily impacted’ operations,-0.4767
2025-08-22,Alphabet stock hits 52-week high at 207.07 USD,0.0
2025-08-22,VOO ETF Price Forecast - $739 Balances Inflation Risks and Fed Cut Uncertainty,-0.6808
2025-08-22,These Are The Top 40 Employers In Connecticut In New Forbes Ranking: See The Full List Here,0.2023
2025-08-22,"Ulta Beauty CEO Kecia Steelman Charts Bold Vision for Growth: Global Expansion, Wellness, Marketplace, and Celebrity Exclusives",0.9169
2025-08-23,For True Diversification: 3 Stocks You Can Buy Now,0.4215
2025-08-25,"NVIDIA Blackwell-Powered Jetson Thor Now Available, Accelerating the Age of General Robotics",0.0
2025-08-25,Chip Programming Firm Data I/O Hit by Ransomware,0.0
2025-08-25,Nvidia faces Wall Street's high expectations two years into AI boom,0.0
2025-08-25,"Temu-owner PDD tops revenue estimates, competition squeezes margins",0.5106
2025-08-26,Procore and AWS Announce Strategic Collaboration Agreement to Accelerate AI and Improve Project Outcomes in Construction,0.7269
2025-08-26,Walmart is testing a new way to show off products from third-party marketplace sellers in stores,0.0
2025-08-26,Procore and AWS teaming up to accelerate innovation in construction technology,0.3818
2025-08-26,These 3 Funds Are Riskier Today for One Reason,-0.34
2025-08-26,Coca-Cola's failed coffee investment faces uncertain future as sale rumors brew,-0.6705
2025-08-26,Stanford study finds AI has reduced availability of entry-level programming jobs,0.0
2025-08-26,Walmart Adds Next-Day Shipping for Third-Party Orders in Key Cities,0.0
2025-08-26,NYSEARCA:VUG ETF Climbs to $460 Near Record Highs on AI Growth and Earnings,0.3818
2025-08-26,Carvana Co (CVNA) Gets a Buy from Citizens JMP,0.0
2025-08-27,"Kroger layoffs: Why the grocery giant is axing 1,000 corporate workers as it closes dozens of stores",0.0
2025-08-27,"Kroger cuts nearly 1,000 corporate staff",-0.296
2025-08-27,Here's Why Sify Technologies (NASDAQ:SIFY) Has A Meaningful Debt Burden,-0.4767
2025-08-27,PDD Holdings Inc. (PDD): A Bull Case Theory,0.0
2025-08-27,Nutanix Reports Fourth Quarter and Fiscal 2025 Financial Results,0.0
2025-08-27,Nvidia Earnings Live: Results Come in Slightly Above Wall Street Expectations; Stock Slips in Extended Trading,0.0
2025-08-27,"Monster Beverage Beats Nvidia, Amazon With 444,868% Gain",0.6249
2025-08-27,Kindly MD’s $5B Bitcoin Play Comes as DATs Raise Fears for Wider Altcoin Liquidity,0.4215
2025-08-28,Elastic’s stock jumps on impressive earnings and revenue beat,0.5106
2025-08-28,Uber Eats Partners with Dollar Tree to Expand Retail Delivery,0.3182
2025-08-28,Snowflake Stock Scores a New Street-High Price Target After Beat & Raise Earnings,0.0
2025-08-28,Dick’s Sporting Goods Q2 2025 Investor Report Analysis,0.0
2025-08-28,"Amazon.com, Inc. (AMZN): Our Calculation of Intrinsic Value",0.34
2025-08-28,Comcast’s Peacock Service Joins Amazon’s Prime Video Supermarket,0.0
2025-08-28,Lumentum Stock Surge: Buying Opportunity?,0.4215
2025-08-28,Comcast NBCUniversal And Amazon Expand Distribution Relationship,0.4588
2025-08-28,"Netflix Stock At $1,200: A Reality Check",0.0
2025-08-29,Marvell Earnings: Buy the Dip and Focus on the Fundamentals,0.0
2025-08-29,This ETF Streamlines AI Investing,0.0
2025-08-29,"Should You Buy the Low-Cost ETF With 62% Invested in ""Ten Titans"" Growth Stocks?",0.3818
2025-08-29,"Orion, Blink Charging, Applied Digital, Domo, and Urban Outfitters Shares Are Falling, What You Need To Know",0.1531
2025-08-30,Gold Royalty Corp’s Stock on the Rise: Analyst Upgrades and Financial Outperformance,0.0
2025-08-30,智能眼镜催化不断 Meta新品有望下月问世 透视A股公司产业布局,0.0
2025-08-31,Precision Trading with Amazon.com Inc. (AMZN) Risk Zones,-0.2732
2025-08-31,iShares MSCI World ETF: Tech-Riesen im Fokus,0.0
2025-09-01,The Sonos Beam Gen 2 soundbar is $100 off in Amazon's Labor Day sale,0.0
2025-09-01,"ProShares S&P 500 Dynamic Buffer ETF (FB) Stock Price, Holdings, Dividend Yield",0.3818
2025-09-01,"Twilio CFO sells stock worth $743,962 By Investing.com",0.2263
2025-09-02,XLY: An ETF That Tracks Consumer Strength And Weakness,0.1027
2025-09-02,Ulta Beauty Stock Leaps As Analysts Forecast Bright Future,0.7717
2025-09-02,Why Oxford Industries (OXM) Shares Are Sliding Today,0.296
2025-09-02,"Breach of Salesloft Drift integration exposes data at Cloudflare, Zscaler and Palo Alto Networks",-0.128
2025-09-02,"News | How Amazon’s HQ2 transformed a neighborhood, even after tech giant paused its own plans",0.0
2025-09-03,Printdash Takes the Worry Out of Online Order Commitments with Apollo Mass Digital Production from Kornit Digital,-0.34
2025-09-03,News | One of nation's largest office sublet listings hits market in Atlanta,0.0
2025-09-03,Aterian launches Squatty Potty wipes in U.S. and UK markets,0.0
2025-09-04,"“Partnership with SK Marks a Turning Point for AI Innovation in Korea” – Prasad Kalyanaraman, VP of AWS Infrastructure Services",0.3818
2025-09-04,Silicon Labs Announces Global Works With 2025 IoT Conference Series,0.0
2025-09-04,GE Aerospace to invest $300M in Beta Technologies to pair up on hybrid-electric power,0.0
2025-09-04,"S&P 500 Gains and Losses Today: T. Rowe Price, Amazon Stocks Rise; Salesforce Sinks After Soft Guidance",0.1027
2025-09-04,"Saba Capital Management, L.P. sells abrdn Life Sciences Investors (HQL) shares for $197k By Investing.com",0.296
2025-09-04,"Jim Cramer Dismisses Worries About Amazon.com, Inc. (AMZN)’s Prime Business That Sent Stock Lower",-0.6124
2025-09-04,Roundhill Launches WeeklyPay Universe ETF (WPAY),0.0
2025-09-04,AI Spending Is Beginning to Pay Off,-0.1027
2025-09-05,JEPI ETF yields 7.9%: Is it a good dividend fund for retirement?,0.4404
2025-09-05,"Kohl’s Upgrades in Stores, Operations, and Merchandise Provide Hope for a Broken Business Model",-0.0516
2025-09-06,Hour Loop Shares Soar 59% Following Significant Gains,0.6597
2025-09-07,Have U.S. stocks become too expensive?,0.0
2025-09-07,This 'Practical and Roomy' Backpack Fits 1 Week’s Worth of Clothes for a European Vacation—Snag It for 76% Off,0.2263
2025-09-07,FTC sues robot toy maker Apitor over children's privacy violations,-0.5267
2025-09-08,"Hasbro and Disney Consumer Products Announce Multi-Year, Multi-Property Collaboration with Disney for PLAY-DOH to Bring Imagination Directly into Kids’ Hands",0.0
2025-09-08,"The Zacks Analyst Blog Highlights Microsoft, Amazon.com, Philip Morris International, Preformed Line Products and Security Federal",0.34
2025-09-08,"Why Top Investors Are Buying Amazon.com, Inc. (AMZN)",0.2023
2025-09-09,Amazon teams with Xylem on water replenishment projects in Mexico (XYL:NYSE),0.1779
2025-09-09,Oracle’s stock makes biggest single-day gain in 26 years on huge cloud revenue projections,0.6908
2025-09-09,'We're all kind of in shock.' Oracle's revenue projections leave analysts slack-jawed,-0.0516
2025-09-09,"As Intel builds in Columbus, Cincinnati aims for 'technology hub' status",0.0
2025-09-09,Analyst predicts massive upside for Robinhood post S&P 500 inclusion,0.0
2025-09-09,Fund aims to let investors tail Bill Ackman's trades following success of Warren Buffett copycat ETF,0.5719
2025-09-09,Walmart to launch first stores in Africa by year-end,0.0
2025-09-09,The Trade Desk Declines 28% in 3 Months: How to Play the Stock Now?,0.34
2025-09-09,DSS Health Cloud Achieves FedRAMP “In Process” Status,0.0
2025-09-09,Dolby Revolutionizes Entertainment on Four Wheels: 30 Car Brands Embrace Immersive Audio Experiences,0.6249
2025-09-09,Oracle shocks investors with massive future revenue AI deals,-0.3818
2025-09-09,VistaShares launches ETF tracking stock bets of hedge fund activist Bill Ackman,0.0
2025-09-09,Playhouse MD™ Launches on Amazon with McKesson Medical-Surgical Leading Distribution of First-Ever Playful Pediatric Devices,0.5574
2025-09-10,GameStop Stock Jumps After GME Earnings Beat and Dividend Warrant,0.0
2025-09-10,"Oracle salta 36%, “ganha” US$ 244 bi e tem melhor sessão de 1992 com ânimo sobre IA",0.0
2025-09-10,We Think Shareholders May Want To Consider A Review Of Scholastic Corporation's (NASDAQ:SCHL) CEO Compensation Package,0.0772
2025-09-10,Cboe Plans to Launch Cash-Settled Futures and Options on New Index Tracking Tech and Growth-Orientated U.S. Stocks,0.0
2025-09-10,Lands' End (LE) Q2 2025 Earnings Call Transcript,0.0
2025-09-10,Vistra Corp’s Multibillion Makeover: Boom or Bubble?,0.0
2025-09-10,Baytex Energy: Surge or Stumble?,0.2732
2025-09-10,Walmart to launch first stores in Africa by year-end,0.0
2025-09-10,Powering the Future of Grocery: Albertsons Companies' Digital Innovation,0.3818
2025-09-11,Xylem and Amazon Partner on Smart Water Upgrades to Save More Than 1.3 Billion Liters Annually in Mexico,0.765
2025-09-11,"Buffett, Ackman, Ives Are Now ETF Brands—And It's Changing The Game",0.0
2025-09-11,Vanguard's VUG ETF: The Ultimate Growth ETF for Your Portfolio,0.3818
2025-09-11,YouTube 'baby whisperer' Ms. Rachel teams up with big Atlanta company on new sippy cups,0.0
2025-09-11,Smart Home Gym Equipment Market | Global Market Analysis Report - 2035,0.4019
2025-09-11,"Cathie Wood's Ark Pivots: Sells Tempus AI After FDA Win, Loads Up On Amazon, Figma And This Trendy Crypto Stock",0.6705
2025-09-12,"Penguin Ai Snags $30M to Simplify Prior Auth, Coding and Claims",0.0
2025-09-12,Netgear Orbi 370 Wi-Fi 7 mesh router review: Dual-band Wi-Fi 7 hardware finally makes Orbi affordable,0.0
2025-09-12,Cboe Plans to Launch Contracts on New Magnificent 10 Index,0.5994
2025-09-12,"Amazon's Relentless Drive Higher Raises The Stakes For Direxion's AMZU, AMZD ETFs",0.0516
2025-09-12,Gladstone Capital Corporation $GLAD Shares Sold by Trexquant Investment LP,0.296
2025-09-12,Nasdaq halts trading of Ostin Technology Group pending information,0.0
2025-09-12,Entegris Inc: Is The Growth Sustainable?,0.3818
2025-09-13,Netflix Stock Prediction: Where Analysts See the Stock Going by 2027,0.0
2025-09-13,"Roundhill AMZN WeeklyPay ETF To Go Ex-Dividend On September 15th, 2025 With 0.36977 USD Dividend Per Share",0.296
2025-09-13,Trade Desk (TTD) Faces Fresh Competitive Pressure as Netflix Teams With Amazon for Ad Sales,0.3612
2025-09-13,"Ohio regulators turn down appeal, OK utility’s data center billing plan",0.4466
2025-09-15,Norwalk beverage company Reed’s makes C-suite changes as part of corporate reorganization,0.0
2025-09-15,IWY ETF Price at $270.12: Outperformance Driven by Mega-Cap Tech,0.0
2025-09-15,This Artificial Intelligence (AI) ETF Has Outperformed the Market By 2.4X Since Inception and Only Holds Profitable Companies,0.7184
2025-09-15,Is Traeger’s New 2-Zone Flatrock Griddle Worth the $800 Price Tag? I Tested It to Find Out,0.2263
2025-09-15,McGraw Hill stock price target raised to $25 by BMO Capital,0.0
2025-09-15,Direxion's QQQU/QQQD ETFs Facilitate Speculation For Magnificent Seven Stocks,0.5994
2025-09-15,LivePerson Successfully Closes Strategic Refinancing,0.4939
2025-09-15,These 3 Climate-Related Proxy-Voting Proposals Had Strong Shareholder Backing,0.5267
2025-09-15,"Kilroy is ready to change its Flower Mart plan, but it must choose between four potential paths",0.1901
2025-09-15,Freight Technologies Fortifies Collaboration with Amazon Mexico through Direct System Integration,0.1779
2025-09-16,"Andrey Omelchak's Top Picks: Electrovaya, TFI International & Mattr Corp",0.2023
2025-09-16,"eBay Inc. (EBAY) Stock Price Prediction: 2025, 2026, 2030: Analyst Targets & Forecast",0.0
2025-09-16,QQQ ETF: Hơn cả một chiếc rổ cổ phiếu công nghệ,0.0
2025-09-16,"Bandwidth to Reveal New AI and Trust Innovations at Reverb25 TODAY at 10:30 am EDT, With Registration Still Available",0.5106
2025-09-17,NetApp named Leader in Gartner Magic Quadrant 2025 | NetApp Blog,0.0
2025-09-17,Is Your Active ETF a Cousin or an Identical Twin?,0.4019
2025-09-17,iShares MSCI World ETF: Konzentration als Fluch oder Segen?,0.0
2025-09-17,Retail Sales Gain Steam in August: 4 ETF Areas to Win,0.802
2025-09-17,"Tyler Technologies (TYL) director Carter sells $403,724 in stock",0.0
2025-09-18,7-Eleven taps former Delek EVP to spearhead fuel supply,0.0
2025-09-18,HubSpot Unifies Business Data To 'Make A Difference' 09/18/2025,0.0
2025-09-18,EXCLUSIVE: Shareholder Vote Secures Jeff Green’s 48% Control of The Trade Desk,0.5473
2025-09-18,UPS terminates planned acquisition of Estafeta as closing conditions unmet,0.0
2025-09-18,Bloom Energy Booms on AI Power Demand and Analyst Upgrades,0.1531
2025-09-18,EXCLUSIVE: Shareholder Vote Secures Jeff Green's 48% Control of The Trade Desk,0.5473
2025-09-18,Synopsys Stock Surge: What Investors Need to Know,0.0
2025-09-18,KEPCO Collaborates with U.S. Firms at NECX 2025; Holds Workshop with Westinghouse,0.0
2025-09-19,Starbucks Ruined by CEO Niccol,-0.4767
2025-09-19,Female co-founder leads record initial public offering for a Utah company,0.0
2025-09-19,ICICI Bank’s ‘Festive Bonanza’ Returns With Blockbuster Deals Across Top Brands.,0.6908
2025-09-19,AZYY Stock Fund Price and Chart — NASDAQ:AZYY,0.0
2025-09-19,What the Workday Lawsuit Reveals About Future of AI Hiring,-0.2263
2025-09-19,Here's what sets Rock Hill's next music store apart from Amazon and Facebook Marketplace,0.1779
2025-09-20,"KLA Corp Rides Intel Turnaround Optimism, Shares Poised For Further Upside",0.7717
2025-09-20,Pattern Group (Nasdaq:PTRN) - Stock Analysis,0.0
2025-09-21,"Cardboard-box demand slips, raising concerns about consumer spending (PKG:NYSE)",-0.128
2025-09-21,Market Sentiment Around Loss-Making RedCloud Holdings plc (NASDAQ:RCT),0.0
2025-09-21,"Virtus PFFA ETF at $22.43, Yielding 9.05%: Preferred Stock Income Powerhouse",0.0
2025-09-21,3 reasons why the iShares S&P 500 ETF (IVV) is still a long-term buy,0.0
2025-09-22,Beyond Stargate: Oracle OCI ups cloud infrastructure appeal,0.0
2025-09-22,"Plug Power Stock Soars 40% on Hydrogen Deals, DOE Boost and Climate Goals",0.4019
2025-09-22,Oracle Stock Is Up 87% in 2025. Is It a Buy?,0.0
2025-09-22,Investor Outlook: Markets near record highs but face U.S. shutdown and visa risks,-0.3919
2025-09-22,Top risks that may hit Dow Jones Index and the DIA ETF,-0.0772
2025-09-22,Procore appoints Ansys veteran Ajei Gopal as new CEO,0.0
2025-09-22,"Amazon, Alphabet, Meta, Other Big Tech Stocks Fall In Monday Pre-Market: What's Going On?",0.1779
2025-09-22,Benchmark reiterates Buy rating on Genius Sports stock after acquisition,0.0
2025-09-22,Ripple effect: Xylem’s sustainable water solutions for Europe’s data centres,0.1779
2025-09-22,"Target, Kohl’s to host October early holiday promotions",0.4019
2025-09-22,"In the Wake of New Garmin Releases, Older Models are on Sale Now on Amazon",0.1779
2025-09-23,Sonos and Philips Hue Smart Light Integration: A New Era for Connected Homes,0.4019
2025-09-23,Goldman Sachs reiterates Buy rating on Procore stock after CEO transition,0.0
2025-09-23,GE HealthCare's Genesis Portfolio Now Available in AWS Marketplace,0.0
2025-09-23,Singularity Future Technology Ltd. (SGLY) Plunges Over 28% Amidst Lingering Concerns,0.0
2025-09-23,Maplebear: A Long-Term Play On Online Grocery,0.34
2025-09-23,Mavenir Selected by Iridium to Deliver Core Network for Global Satellite Based NB-IoT and D2D Services,0.0
2025-09-23,Hasbro Women Innovators of Play Returns for Third Annual Virtual Event and Challenge,0.4019
2025-09-23,Inno Holdings Inc. (INHD) Plummets Nearly 29% Amidst Deepening Financial Woes and Volatility,-0.4404
2025-09-24,Alibaba Group Holding Limited's (NYSE:BABA) Shares Climb 33% But Its Business Is Yet to Catch Up,0.1531
2025-09-24,Jim Cramer Called Simon Property a “Fabulous” Company,0.0
2025-09-24,Bandwidth Expands 'Bring Your Own AI' Approach With Support for OpenAI's Realtime API To Power Advanced AI Voice Agents Using GPT Language Models,0.6249
2025-09-24,Did ADT Inc. (NYSE:ADT) Use Debt To Deliver Its ROE Of 17%?,-0.3612
2025-09-24,Report: Comcast says layoffs are looming in its connectivity biz,-0.128
2025-09-24,Entergy Mississippi powers up massive grid upgrade plan to slash outages in half,-0.2732
2025-09-25,OFA Group Shares Plummet: Buying Opportunity?,0.6124
2025-09-25,"Why Big Tech’s tiny production costs make it a long term winner, says this fund manager",0.5859
2025-09-25,"Ur-Energy CFO Smith sells $423,985 in shares after option exercise",0.296
2025-09-26,"Whole Foods, Shake Shack coming to Spring Township’s new 'Broadcast District'",-0.1779
2025-09-26,"New shopping center in Berks to feature Whole Foods, BJ's Restaurant",0.0
2025-09-26,Why this $8-billion money manager likes Boston Scientific and Oracle,0.4215
2025-09-26,"The Club Is Yours! Play Your Way in EA SPORTS FC™ 26, Now Available Worldwide",0.4003
2025-09-26,Murphy USA cuts around 100 corporate employees amid operational restructuring,-0.296
2025-09-27,Could RedCloud Holdings' (RCT) NVIDIA Partnership Reveal Its Next Move in Global Supply Chain Innovation?,0.3818
2025-09-27,We Are Slightly OBSESSED with This NEW Vera Bradley x Disney Collection on Amazon,-0.1129
2025-09-28,Qatar Investment Authority And Blue Owl Capital To Enter Digital Infrastructure Partnership,0.0772
2025-09-29,Demand and Trends Analysis of Smart Home Security Camera in Western Europe,0.5574
2025-09-29,Carvana CEO Garcia sells $2.77m in shares,0.296
2025-09-29,3 Emerging Stocks You Haven't Heard Much From This Cycle,0.0
2025-09-29,Viomi Celebrates 7th Nasdaq Anniversary with New Brand,0.5719
2025-09-30,UNFI reports 5% hit on Q4 sales from June cyberattack,0.0
2025-09-30,$53.2M sale of Edgewater Towne Center in New Jersey,0.0
2025-09-30,Alphabet’s stock just had its best quarter in two decades thanks to AI,0.7964
2025-09-30,The Roundup: Top Takeaways from Oaktree’s Quarterly Letters – September 2025 Edition,0.2023
2025-09-30,Box demand slump signals strain in US economy,-0.1779
2025-09-30,Elbit Systems stock reaches all-time high at 511.12 USD,0.0516
2025-09-30,CI&T Releases “Retail Tech Reality Check” Report Highlightings AI’s Growing Role in Consumer Shopping,0.1779
2025-09-30,Hertz Global launches fully online car-buying marketplace,0.0
2025-09-30,(09/30/25) AUR: Driving Innovation in the Driverless Trucking Business,0.3818
2025-09-30,"Earnings call transcript: United Natural Foods Q4 2025 beats EPS forecast, stock surges",0.6486
2025-09-30,Immuron (IMRN) Posts 49% FY2025 Revenue Growth on Travelan Sales,0.3818
2025-09-30,Lincoln Educational at Lytham Partners: Expanding Skilled Trades Focus,0.0
2025-09-30,Is it Wise to Hold Regency Centers Stock in Your Portfolio?,0.4767
2025-09-30,Nasdaq and Amazon.com (AMZN)’s AWS Expands Strategic Technology Partnership,0.1027
2025-10-01,TTXU Stock Fund Price and Chart — AMEX:TTXU,0.0
2025-10-01,ENTERO THERAPEUTICS (ENTO) Enters $100 Billion+ AI and Data Center Market with Acquisition of GRID AI,0.0
2025-10-01,3 Underrated AI ETFs With Multi-Million Dollar Potential,0.0
2025-10-01,Carvana CEO Garcia sells $3.57 million in shares,0.296
2025-10-01,LiveOne (Nasdaq: LVO) Issues Stockholder Letter,0.0
2025-10-01,$100B+ AI Data Center Market: ENTO's Bold Move from Biotech to Grid-Edge AI Infrastructure,0.3818
